Artista,Nombre,Album,Imagen del Álbum,Popularidad,Duración (ms),Año de Lanzamiento
Kendrick Lamar,United In Grief,Mr. Morale & The Big Steppers,https://i.scdn.co/image/ab67616d0000b2732e02117d76426a08ac7c174f,79,255377,2022-05-13
Kendrick Lamar,N95,Mr. Morale & The Big Steppers,https://i.scdn.co/image/ab67616d0000b2732e02117d76426a08ac7c174f,81,195950,2022-05-13
Kendrick Lamar,Worldwide Steppers,Mr. Morale & The Big Steppers,https://i.scdn.co/image/ab67616d0000b2732e02117d76426a08ac7c174f,64,203367,2022-05-13
Kendrick Lamar,Die Hard,Mr. Morale & The Big Steppers,https://i.scdn.co/image/ab67616d0000b2732e02117d76426a08ac7c174f,78,239026,2022-05-13
Kendrick Lamar,Father Time (feat. Sampha),Mr. Morale & The Big Steppers,https://i.scdn.co/image/ab67616d0000b2732e02117d76426a08ac7c174f,74,222497,2022-05-13
Kendrick Lamar,Rich - Interlude,Mr. Morale & The Big Steppers,https://i.scdn.co/image/ab67616d0000b2732e02117d76426a08ac7c174f,60,103319,2022-05-13
Kendrick Lamar,Rich Spirit,Mr. Morale & The Big Steppers,https://i.scdn.co/image/ab67616d0000b2732e02117d76426a08ac7c174f,78,202285,2022-05-13
Kendrick Lamar,We Cry Together,Mr. Morale & The Big Steppers,https://i.scdn.co/image/ab67616d0000b2732e02117d76426a08ac7c174f,67,341307,2022-05-13
Kendrick Lamar,Purple Hearts,Mr. Morale & The Big Steppers,https://i.scdn.co/image/ab67616d0000b2732e02117d76426a08ac7c174f,67,329295,2022-05-13
Kendrick Lamar,Count Me Out,Mr. Morale & The Big Steppers,https://i.scdn.co/image/ab67616d0000b2732e02117d76426a08ac7c174f,77,283642,2022-05-13
Kendrick Lamar,Crown,Mr. Morale & The Big Steppers,https://i.scdn.co/image/ab67616d0000b2732e02117d76426a08ac7c174f,62,264299,2022-05-13
Kendrick Lamar,Silent Hill,Mr. Morale & The Big Steppers,https://i.scdn.co/image/ab67616d0000b2732e02117d76426a08ac7c174f,70,220779,2022-05-13
Kendrick Lamar,Savior - Interlude,Mr. Morale & The Big Steppers,https://i.scdn.co/image/ab67616d0000b2732e02117d76426a08ac7c174f,61,152985,2022-05-13
Kendrick Lamar,Savior,Mr. Morale & The Big Steppers,https://i.scdn.co/image/ab67616d0000b2732e02117d76426a08ac7c174f,69,224466,2022-05-13
Kendrick Lamar,Auntie Diaries,Mr. Morale & The Big Steppers,https://i.scdn.co/image/ab67616d0000b2732e02117d76426a08ac7c174f,61,281069,2022-05-13
Kendrick Lamar,Mr. Morale,Mr. Morale & The Big Steppers,https://i.scdn.co/image/ab67616d0000b2732e02117d76426a08ac7c174f,66,210841,2022-05-13
Kendrick Lamar,Mother I Sober (feat. Beth Gibbons of Portishead),Mr. Morale & The Big Steppers,https://i.scdn.co/image/ab67616d0000b2732e02117d76426a08ac7c174f,61,406528,2022-05-13
Kendrick Lamar,Mirror,Mr. Morale & The Big Steppers,https://i.scdn.co/image/ab67616d0000b2732e02117d76426a08ac7c174f,67,256006,2022-05-13
Kendrick Lamar,The Heart Part 5,Mr. Morale & The Big Steppers,https://i.scdn.co/image/ab67616d0000b2732e02117d76426a08ac7c174f,62,332228,2022-05-13
Kendrick Lamar,Black Panther,Black Panther The Album Music From And Inspired By,https://i.scdn.co/image/ab67616d0000b273c027ad28821777b00dcaa888,55,130613,2018-02-09
Kendrick Lamar,All The Stars (with SZA),Black Panther The Album Music From And Inspired By,https://i.scdn.co/image/ab67616d0000b273c027ad28821777b00dcaa888,86,232186,2018-02-09
Kendrick Lamar,X (with 2 Chainz & Saudi),Black Panther The Album Music From And Inspired By,https://i.scdn.co/image/ab67616d0000b273c027ad28821777b00dcaa888,65,267426,2018-02-09
Kendrick Lamar,The Ways (with Swae Lee),Black Panther The Album Music From And Inspired By,https://i.scdn.co/image/ab67616d0000b273c027ad28821777b00dcaa888,62,238893,2018-02-09
Kendrick Lamar,Opps (with Yugen Blakrok),Black Panther The Album Music From And Inspired By,https://i.scdn.co/image/ab67616d0000b273c027ad28821777b00dcaa888,55,180893,2018-02-09
Kendrick Lamar,I Am,Black Panther The Album Music From And Inspired By,https://i.scdn.co/image/ab67616d0000b273c027ad28821777b00dcaa888,58,208760,2018-02-09
Kendrick Lamar,Paramedic!,Black Panther The Album Music From And Inspired By,https://i.scdn.co/image/ab67616d0000b273c027ad28821777b00dcaa888,64,219306,2018-02-09
Kendrick Lamar,Bloody Waters (with Anderson .Paak & James Blake),Black Panther The Album Music From And Inspired By,https://i.scdn.co/image/ab67616d0000b273c027ad28821777b00dcaa888,54,272306,2018-02-09
Kendrick Lamar,"King's Dead (with Kendrick Lamar, Future & James Blake)",Black Panther The Album Music From And Inspired By,https://i.scdn.co/image/ab67616d0000b273c027ad28821777b00dcaa888,64,225266,2018-02-09
Kendrick Lamar,Redemption Interlude,Black Panther The Album Music From And Inspired By,https://i.scdn.co/image/ab67616d0000b273c027ad28821777b00dcaa888,50,85266,2018-02-09
Kendrick Lamar,Redemption (with Babes Wodumo),Black Panther The Album Music From And Inspired By,https://i.scdn.co/image/ab67616d0000b273c027ad28821777b00dcaa888,54,222093,2018-02-09
Kendrick Lamar,Seasons (with Sjava & Reason),Black Panther The Album Music From And Inspired By,https://i.scdn.co/image/ab67616d0000b273c027ad28821777b00dcaa888,54,242293,2018-02-09
Kendrick Lamar,Big Shot (with Travis Scott),Black Panther The Album Music From And Inspired By,https://i.scdn.co/image/ab67616d0000b273c027ad28821777b00dcaa888,64,221826,2018-02-09
Kendrick Lamar,Pray For Me (with Kendrick Lamar),Black Panther The Album Music From And Inspired By,https://i.scdn.co/image/ab67616d0000b273c027ad28821777b00dcaa888,71,211440,2018-02-09
Kendrick Lamar,DUCKWORTH.,DAMN. COLLECTORS EDITION.,https://i.scdn.co/image/ab67616d0000b273add9eb25744782c3717c9368,48,248613,2017-12-08
Kendrick Lamar,GOD.,DAMN. COLLECTORS EDITION.,https://i.scdn.co/image/ab67616d0000b273add9eb25744782c3717c9368,44,248826,2017-12-08
Kendrick Lamar,FEAR.,DAMN. COLLECTORS EDITION.,https://i.scdn.co/image/ab67616d0000b273add9eb25744782c3717c9368,46,460573,2017-12-08
Kendrick Lamar,XXX. FEAT. U2.,DAMN. COLLECTORS EDITION.,https://i.scdn.co/image/ab67616d0000b273add9eb25744782c3717c9368,45,254200,2017-12-08
Kendrick Lamar,LOVE. FEAT. ZACARI.,DAMN. COLLECTORS EDITION.,https://i.scdn.co/image/ab67616d0000b273add9eb25744782c3717c9368,47,213400,2017-12-08
Kendrick Lamar,LUST.,DAMN. COLLECTORS EDITION.,https://i.scdn.co/image/ab67616d0000b273add9eb25744782c3717c9368,43,307880,2017-12-08
Kendrick Lamar,HUMBLE.,DAMN. COLLECTORS EDITION.,https://i.scdn.co/image/ab67616d0000b273add9eb25744782c3717c9368,49,177000,2017-12-08
Kendrick Lamar,PRIDE.,DAMN. COLLECTORS EDITION.,https://i.scdn.co/image/ab67616d0000b273add9eb25744782c3717c9368,50,275253,2017-12-08
Kendrick Lamar,LOYALTY. FEAT. RIHANNA.,DAMN. COLLECTORS EDITION.,https://i.scdn.co/image/ab67616d0000b273add9eb25744782c3717c9368,46,227360,2017-12-08
Kendrick Lamar,FEEL.,DAMN. COLLECTORS EDITION.,https://i.scdn.co/image/ab67616d0000b273add9eb25744782c3717c9368,44,214826,2017-12-08
Kendrick Lamar,ELEMENT.,DAMN. COLLECTORS EDITION.,https://i.scdn.co/image/ab67616d0000b273add9eb25744782c3717c9368,45,208733,2017-12-08
Kendrick Lamar,YAH.,DAMN. COLLECTORS EDITION.,https://i.scdn.co/image/ab67616d0000b273add9eb25744782c3717c9368,42,160293,2017-12-08
Kendrick Lamar,DNA.,DAMN. COLLECTORS EDITION.,https://i.scdn.co/image/ab67616d0000b273add9eb25744782c3717c9368,46,185946,2017-12-08
Kendrick Lamar,BLOOD.,DAMN. COLLECTORS EDITION.,https://i.scdn.co/image/ab67616d0000b273add9eb25744782c3717c9368,40,118066,2017-12-08
Kendrick Lamar,BLOOD.,DAMN.,https://i.scdn.co/image/ab67616d0000b2738b52c6b9bc4e43d873869699,64,118066,2017-04-14
Kendrick Lamar,DNA.,DAMN.,https://i.scdn.co/image/ab67616d0000b2738b52c6b9bc4e43d873869699,81,185946,2017-04-14
Kendrick Lamar,YAH.,DAMN.,https://i.scdn.co/image/ab67616d0000b2738b52c6b9bc4e43d873869699,68,160293,2017-04-14
Kendrick Lamar,ELEMENT.,DAMN.,https://i.scdn.co/image/ab67616d0000b2738b52c6b9bc4e43d873869699,73,208733,2017-04-14
Kendrick Lamar,FEEL.,DAMN.,https://i.scdn.co/image/ab67616d0000b2738b52c6b9bc4e43d873869699,69,214826,2017-04-14
Kendrick Lamar,LOYALTY. FEAT. RIHANNA.,DAMN.,https://i.scdn.co/image/ab67616d0000b2738b52c6b9bc4e43d873869699,79,227360,2017-04-14
Kendrick Lamar,PRIDE.,DAMN.,https://i.scdn.co/image/ab67616d0000b2738b52c6b9bc4e43d873869699,85,275253,2017-04-14
Kendrick Lamar,HUMBLE.,DAMN.,https://i.scdn.co/image/ab67616d0000b2738b52c6b9bc4e43d873869699,86,177000,2017-04-14
Kendrick Lamar,LUST.,DAMN.,https://i.scdn.co/image/ab67616d0000b2738b52c6b9bc4e43d873869699,66,307880,2017-04-14
Kendrick Lamar,LOVE. FEAT. ZACARI.,DAMN.,https://i.scdn.co/image/ab67616d0000b2738b52c6b9bc4e43d873869699,85,213400,2017-04-14
Kendrick Lamar,XXX. FEAT. U2.,DAMN.,https://i.scdn.co/image/ab67616d0000b2738b52c6b9bc4e43d873869699,70,254200,2017-04-14
Kendrick Lamar,FEAR.,DAMN.,https://i.scdn.co/image/ab67616d0000b2738b52c6b9bc4e43d873869699,68,460573,2017-04-14
Kendrick Lamar,GOD.,DAMN.,https://i.scdn.co/image/ab67616d0000b2738b52c6b9bc4e43d873869699,63,248826,2017-04-14
Kendrick Lamar,DUCKWORTH.,DAMN.,https://i.scdn.co/image/ab67616d0000b2738b52c6b9bc4e43d873869699,74,248613,2017-04-14
Kendrick Lamar,untitled 01 | 08.19.2014.,untitled unmastered.,https://i.scdn.co/image/ab67616d0000b2738c697f553a46006a5d8886b2,51,247746,2016-03-04
Kendrick Lamar,untitled 02 | 06.23.2014.,untitled unmastered.,https://i.scdn.co/image/ab67616d0000b2738c697f553a46006a5d8886b2,65,258826,2016-03-04
Kendrick Lamar,untitled 03 | 05.28.2013.,untitled unmastered.,https://i.scdn.co/image/ab67616d0000b2738c697f553a46006a5d8886b2,58,154346,2016-03-04
Kendrick Lamar,untitled 04 | 08.14.2014.,untitled unmastered.,https://i.scdn.co/image/ab67616d0000b2738c697f553a46006a5d8886b2,50,110066,2016-03-04
Kendrick Lamar,untitled 05 | 09.21.2014.,untitled unmastered.,https://i.scdn.co/image/ab67616d0000b2738c697f553a46006a5d8886b2,57,338426,2016-03-04
Kendrick Lamar,untitled 06 | 06.30.2014.,untitled unmastered.,https://i.scdn.co/image/ab67616d0000b2738c697f553a46006a5d8886b2,58,208013,2016-03-04
Kendrick Lamar,untitled 07 | 2014 - 2016,untitled unmastered.,https://i.scdn.co/image/ab67616d0000b2738c697f553a46006a5d8886b2,57,496173,2016-03-04
Kendrick Lamar,untitled 08 | 09.06.2014.,untitled unmastered.,https://i.scdn.co/image/ab67616d0000b2738c697f553a46006a5d8886b2,65,235506,2016-03-04
Kendrick Lamar,Wesley's Theory,To Pimp A Butterfly,https://i.scdn.co/image/ab67616d0000b273cdb645498cd3d8a2db4d05e1,72,287360,2015-03-16
Kendrick Lamar,For Free? - Interlude,To Pimp A Butterfly,https://i.scdn.co/image/ab67616d0000b273cdb645498cd3d8a2db4d05e1,60,130893,2015-03-16
Kendrick Lamar,King Kunta,To Pimp A Butterfly,https://i.scdn.co/image/ab67616d0000b273cdb645498cd3d8a2db4d05e1,76,234693,2015-03-16
Kendrick Lamar,Institutionalized,To Pimp A Butterfly,https://i.scdn.co/image/ab67616d0000b273cdb645498cd3d8a2db4d05e1,63,271773,2015-03-16
Kendrick Lamar,These Walls,To Pimp A Butterfly,https://i.scdn.co/image/ab67616d0000b273cdb645498cd3d8a2db4d05e1,68,300973,2015-03-16
Kendrick Lamar,u,To Pimp A Butterfly,https://i.scdn.co/image/ab67616d0000b273cdb645498cd3d8a2db4d05e1,64,268493,2015-03-16
Kendrick Lamar,Alright,To Pimp A Butterfly,https://i.scdn.co/image/ab67616d0000b273cdb645498cd3d8a2db4d05e1,82,219333,2015-03-16
Kendrick Lamar,For Sale? - Interlude,To Pimp A Butterfly,https://i.scdn.co/image/ab67616d0000b273cdb645498cd3d8a2db4d05e1,59,291720,2015-03-16
Kendrick Lamar,Momma,To Pimp A Butterfly,https://i.scdn.co/image/ab67616d0000b273cdb645498cd3d8a2db4d05e1,61,283120,2015-03-16
Kendrick Lamar,Hood Politics,To Pimp A Butterfly,https://i.scdn.co/image/ab67616d0000b273cdb645498cd3d8a2db4d05e1,62,292520,2015-03-16
Kendrick Lamar,How Much A Dollar Cost,To Pimp A Butterfly,https://i.scdn.co/image/ab67616d0000b273cdb645498cd3d8a2db4d05e1,62,261746,2015-03-16
Kendrick Lamar,Complexion (A Zulu Love),To Pimp A Butterfly,https://i.scdn.co/image/ab67616d0000b273cdb645498cd3d8a2db4d05e1,60,263360,2015-03-16
Kendrick Lamar,The Blacker The Berry,To Pimp A Butterfly,https://i.scdn.co/image/ab67616d0000b273cdb645498cd3d8a2db4d05e1,64,328826,2015-03-16
Kendrick Lamar,You Ain't Gotta Lie (Momma Said),To Pimp A Butterfly,https://i.scdn.co/image/ab67616d0000b273cdb645498cd3d8a2db4d05e1,61,241680,2015-03-16
Kendrick Lamar,i,To Pimp A Butterfly,https://i.scdn.co/image/ab67616d0000b273cdb645498cd3d8a2db4d05e1,64,336013,2015-03-16
Kendrick Lamar,Mortal Man,To Pimp A Butterfly,https://i.scdn.co/image/ab67616d0000b273cdb645498cd3d8a2db4d05e1,58,727106,2015-03-16
Kendrick Lamar,Sherane a.k.a Master Splinter’s Daughter,"good kid, m.A.A.d city (Deluxe)",https://i.scdn.co/image/ab67616d0000b27378de8b28de36a74afc0348b5,53,273640,2012-10-22
Kendrick Lamar,"Bitch, Don’t Kill My Vibe","good kid, m.A.A.d city (Deluxe)",https://i.scdn.co/image/ab67616d0000b27378de8b28de36a74afc0348b5,68,310720,2012-10-22
Kendrick Lamar,Backseat Freestyle,"good kid, m.A.A.d city (Deluxe)",https://i.scdn.co/image/ab67616d0000b27378de8b28de36a74afc0348b5,61,212653,2012-10-22
Kendrick Lamar,The Art of Peer Pressure,"good kid, m.A.A.d city (Deluxe)",https://i.scdn.co/image/ab67616d0000b27378de8b28de36a74afc0348b5,57,324533,2012-10-22
Kendrick Lamar,Money Trees,"good kid, m.A.A.d city (Deluxe)",https://i.scdn.co/image/ab67616d0000b27378de8b28de36a74afc0348b5,74,386906,2012-10-22
Kendrick Lamar,Poetic Justice,"good kid, m.A.A.d city (Deluxe)",https://i.scdn.co/image/ab67616d0000b27378de8b28de36a74afc0348b5,63,300160,2012-10-22
Kendrick Lamar,good kid,"good kid, m.A.A.d city (Deluxe)",https://i.scdn.co/image/ab67616d0000b27378de8b28de36a74afc0348b5,56,214120,2012-10-22
Kendrick Lamar,m.A.A.d city,"good kid, m.A.A.d city (Deluxe)",https://i.scdn.co/image/ab67616d0000b27378de8b28de36a74afc0348b5,68,350120,2012-10-22
Kendrick Lamar,Swimming Pools (Drank) - Extended Version,"good kid, m.A.A.d city (Deluxe)",https://i.scdn.co/image/ab67616d0000b27378de8b28de36a74afc0348b5,65,313786,2012-10-22
Kendrick Lamar,"Sing About Me, I'm Dying Of Thirst","good kid, m.A.A.d city (Deluxe)",https://i.scdn.co/image/ab67616d0000b27378de8b28de36a74afc0348b5,62,723573,2012-10-22
Kendrick Lamar,Real,"good kid, m.A.A.d city (Deluxe)",https://i.scdn.co/image/ab67616d0000b27378de8b28de36a74afc0348b5,54,443413,2012-10-22
Kendrick Lamar,Compton,"good kid, m.A.A.d city (Deluxe)",https://i.scdn.co/image/ab67616d0000b27378de8b28de36a74afc0348b5,53,248093,2012-10-22
Kendrick Lamar,The Recipe - Bonus Track,"good kid, m.A.A.d city (Deluxe)",https://i.scdn.co/image/ab67616d0000b27378de8b28de36a74afc0348b5,65,352853,2012-10-22
Kendrick Lamar,Black Boy Fly - Bonus Track,"good kid, m.A.A.d city (Deluxe)",https://i.scdn.co/image/ab67616d0000b27378de8b28de36a74afc0348b5,50,279146,2012-10-22
Kendrick Lamar,Now Or Never - Bonus Track,"good kid, m.A.A.d city (Deluxe)",https://i.scdn.co/image/ab67616d0000b27378de8b28de36a74afc0348b5,58,256213,2012-10-22
Kendrick Lamar,"Bitch, Don’t Kill My Vibe - Remix","good kid, m.A.A.d city (Deluxe)",https://i.scdn.co/image/ab67616d0000b27378de8b28de36a74afc0348b5,52,278586,2012-10-22
Kendrick Lamar,"Bitch, Don’t Kill My Vibe - International Remix / Explicit Version","good kid, m.A.A.d city (Deluxe)",https://i.scdn.co/image/ab67616d0000b27378de8b28de36a74afc0348b5,46,305813,2012-10-22
Kendrick Lamar,Sherane a.k.a Master Splinter’s Daughter,"good kid, m.A.A.d city",https://i.scdn.co/image/ab67616d0000b2732cd55246d935a8a77cb4859e,49,273640,2012
Kendrick Lamar,"Bitch, Don’t Kill My Vibe","good kid, m.A.A.d city",https://i.scdn.co/image/ab67616d0000b2732cd55246d935a8a77cb4859e,68,310720,2012
Kendrick Lamar,Backseat Freestyle,"good kid, m.A.A.d city",https://i.scdn.co/image/ab67616d0000b2732cd55246d935a8a77cb4859e,60,212653,2012
Kendrick Lamar,The Art of Peer Pressure,"good kid, m.A.A.d city",https://i.scdn.co/image/ab67616d0000b2732cd55246d935a8a77cb4859e,52,324533,2012
Kendrick Lamar,Money Trees,"good kid, m.A.A.d city",https://i.scdn.co/image/ab67616d0000b2732cd55246d935a8a77cb4859e,83,386906,2012
Kendrick Lamar,Poetic Justice,"good kid, m.A.A.d city",https://i.scdn.co/image/ab67616d0000b2732cd55246d935a8a77cb4859e,65,300160,2012
Kendrick Lamar,good kid,"good kid, m.A.A.d city",https://i.scdn.co/image/ab67616d0000b2732cd55246d935a8a77cb4859e,53,214120,2012
Kendrick Lamar,m.A.A.d city,"good kid, m.A.A.d city",https://i.scdn.co/image/ab67616d0000b2732cd55246d935a8a77cb4859e,66,350120,2012
Kendrick Lamar,Swimming Pools (Drank) - Extended Version,"good kid, m.A.A.d city",https://i.scdn.co/image/ab67616d0000b2732cd55246d935a8a77cb4859e,65,313786,2012
Kendrick Lamar,"Sing About Me, I'm Dying Of Thirst","good kid, m.A.A.d city",https://i.scdn.co/image/ab67616d0000b2732cd55246d935a8a77cb4859e,57,723573,2012
Kendrick Lamar,Real,"good kid, m.A.A.d city",https://i.scdn.co/image/ab67616d0000b2732cd55246d935a8a77cb4859e,49,443413,2012
Kendrick Lamar,Compton,"good kid, m.A.A.d city",https://i.scdn.co/image/ab67616d0000b2732cd55246d935a8a77cb4859e,50,248093,2012
Kendrick Lamar,"Bitch, Don’t Kill My Vibe - Remix","good kid, m.A.A.d city",https://i.scdn.co/image/ab67616d0000b2732cd55246d935a8a77cb4859e,54,278520,2012
Kendrick Lamar,"Bitch, Don’t Kill My Vibe - International Remix / Explicit Version","good kid, m.A.A.d city",https://i.scdn.co/image/ab67616d0000b2732cd55246d935a8a77cb4859e,40,305826,2012
Kendrick Lamar,F*ck Your Ethnicity,Section.80,https://i.scdn.co/image/ab67616d0000b273eddb2639b74ac6c202032ebe,57,224671,2011-07-02
Kendrick Lamar,Hol' Up,Section.80,https://i.scdn.co/image/ab67616d0000b273eddb2639b74ac6c202032ebe,65,173158,2011-07-02
Kendrick Lamar,A.D.H.D,Section.80,https://i.scdn.co/image/ab67616d0000b273eddb2639b74ac6c202032ebe,75,215509,2011-07-02
Kendrick Lamar,No Make-Up (Her Vice) (feat. Colin Munroe),Section.80,https://i.scdn.co/image/ab67616d0000b273eddb2639b74ac6c202032ebe,51,235921,2011-07-02
Kendrick Lamar,Tammy's Song (Her Evils),Section.80,https://i.scdn.co/image/ab67616d0000b273eddb2639b74ac6c202032ebe,52,161670,2011-07-02
Kendrick Lamar,Chapter Six,Section.80,https://i.scdn.co/image/ab67616d0000b273eddb2639b74ac6c202032ebe,59,161137,2011-07-02
Kendrick Lamar,Ronald Reagan Era,Section.80,https://i.scdn.co/image/ab67616d0000b273eddb2639b74ac6c202032ebe,57,216899,2011-07-02
Kendrick Lamar,Poe Mans Dreams (His Vice) (feat. GLC),Section.80,https://i.scdn.co/image/ab67616d0000b273eddb2639b74ac6c202032ebe,58,261874,2011-07-02
Kendrick Lamar,Chapter Ten,Section.80,https://i.scdn.co/image/ab67616d0000b273eddb2639b74ac6c202032ebe,50,75535,2011-07-02
Kendrick Lamar,Keisha's Song (Her Pain) (feat. Ashtro Bot),Section.80,https://i.scdn.co/image/ab67616d0000b273eddb2639b74ac6c202032ebe,54,227291,2011-07-02
Kendrick Lamar,Rigamortus,Section.80,https://i.scdn.co/image/ab67616d0000b273eddb2639b74ac6c202032ebe,65,168591,2011-07-02
Kendrick Lamar,Kush & Corinthians (feat. BJ The Chicago Kid),Section.80,https://i.scdn.co/image/ab67616d0000b273eddb2639b74ac6c202032ebe,53,304668,2011-07-02
Kendrick Lamar,Blow My High (Members Only),Section.80,https://i.scdn.co/image/ab67616d0000b273eddb2639b74ac6c202032ebe,62,215791,2011-07-02
Kendrick Lamar,Ab-Souls Outro (feat. Ab-Soul),Section.80,https://i.scdn.co/image/ab67616d0000b273eddb2639b74ac6c202032ebe,48,350001,2011-07-02
Kendrick Lamar,HiiiPower,Section.80,https://i.scdn.co/image/ab67616d0000b273eddb2639b74ac6c202032ebe,69,279854,2011-07-02
Kendrick Lamar,Growing Apart (To Get Closer),Overly Dedicated,https://i.scdn.co/image/ab67616d0000b2739b035b031d9f0a6a75ae464e,50,220995,2010-09-14
Kendrick Lamar,Ignorance Is Bliss,Overly Dedicated,https://i.scdn.co/image/ab67616d0000b2739b035b031d9f0a6a75ae464e,54,210494,2010-09-14
Kendrick Lamar,P&P 1.5,Overly Dedicated,https://i.scdn.co/image/ab67616d0000b2739b035b031d9f0a6a75ae464e,51,361942,2010-09-14
Kendrick Lamar,Alien Girl (Today W/ Her),Overly Dedicated,https://i.scdn.co/image/ab67616d0000b2739b035b031d9f0a6a75ae464e,50,239973,2010-09-14
Kendrick Lamar,Opposites Attract (Tomorrow W/O Her),Overly Dedicated,https://i.scdn.co/image/ab67616d0000b2739b035b031d9f0a6a75ae464e,51,271909,2010-09-14
Kendrick Lamar,Michael Jordan,Overly Dedicated,https://i.scdn.co/image/ab67616d0000b2739b035b031d9f0a6a75ae464e,46,350698,2010-09-14
Kendrick Lamar,R.O.T.C (Interlude),Overly Dedicated,https://i.scdn.co/image/ab67616d0000b2739b035b031d9f0a6a75ae464e,46,163105,2010-09-14
Kendrick Lamar,Barbed Wire,Overly Dedicated,https://i.scdn.co/image/ab67616d0000b2739b035b031d9f0a6a75ae464e,50,265678,2010-09-14
Kendrick Lamar,Average Joe,Overly Dedicated,https://i.scdn.co/image/ab67616d0000b2739b035b031d9f0a6a75ae464e,48,256048,2010-09-14
Kendrick Lamar,H.O.C,Overly Dedicated,https://i.scdn.co/image/ab67616d0000b2739b035b031d9f0a6a75ae464e,47,316975,2010-09-14
Kendrick Lamar,Cut You Off (To Grow Closer),Overly Dedicated,https://i.scdn.co/image/ab67616d0000b2739b035b031d9f0a6a75ae464e,48,364103,2010-09-14
Kendrick Lamar,She Needs Me (Remix),Overly Dedicated,https://i.scdn.co/image/ab67616d0000b2739b035b031d9f0a6a75ae464e,54,195790,2010-09-14
Kendrick Lamar,The Hillbillies,The Hillbillies,https://i.scdn.co/image/ab67616d0000b273c4441140f4483bb1c18fe7ae,73,204800,2023-06-05
Kendrick Lamar,The Heart Part 5,The Heart Part 5,https://i.scdn.co/image/ab67616d0000b27389877ffdd584dc9b7168044b,61,332228,2022-05-08
Kendrick Lamar,family ties (with Kendrick Lamar),family ties (with Kendrick Lamar),https://i.scdn.co/image/ab67616d0000b273163028c67a1f4a7c0e83a715,75,252069,2021-08-27
Kendrick Lamar,"The Mantra - From ""Creed II: The Album""",The Mantra,https://i.scdn.co/image/ab67616d0000b273422f9a190a75e8c5482f7455,40,252384,2018-11-14
Kendrick Lamar,"King's Dead (with Kendrick Lamar, Future & James Blake)","King's Dead (with Kendrick Lamar, Future & James Blake)",https://i.scdn.co/image/ab67616d0000b2739edc391d911405ea9f5c320e,73,229670,2018-01-12
Kendrick Lamar,All The Stars (with SZA),All The Stars (with SZA),https://i.scdn.co/image/ab67616d0000b273c1a0ccc389f263d63d39175f,60,235540,2018-01-04
Kendrick Lamar,HUMBLE. - SKRILLEX REMIX,HUMBLE. (SKRILLEX REMIX),https://i.scdn.co/image/ab67616d0000b273bd01ceabd584855b2edd838d,71,156800,2017-09-29
Kendrick Lamar,The Heart Part 4,The Heart Part 4,https://i.scdn.co/image/ab67616d0000b273a688d4b1d37067e0e92fc886,48,288554,2017-03-24
Kendrick Lamar,untitled 07 | levitate,untitled 07 | levitate,https://i.scdn.co/image/ab67616d0000b27395c7e3e167ae665f4a95bdf7,55,146466,2016-03-23
Kendrick Lamar,These Walls,These Walls,https://i.scdn.co/image/ab67616d0000b2736be71c70c1a192965e3930fe,55,248682,2015-10-16
Kendrick Lamar,Alright,Alright,https://i.scdn.co/image/ab67616d0000b2734e267faafd063f288b4890bc,54,194490,2015-10-16
Kendrick Lamar,Swimming Pools (Drank) - Black Hippy Remix,Swimming Pools (Drank) [Black Hippy Remix],https://i.scdn.co/image/ab67616d0000b27300744ad014439d488e458c59,39,314893,2015-03-10
Kendrick Lamar,County Building Blues,County Building Blues,https://i.scdn.co/image/ab67616d0000b273db0131d989e948519937aa34,46,257706,2015-03-10
Kendrick Lamar,i,i,https://i.scdn.co/image/ab67616d0000b2736d89f336fbfbdf2089701da0,65,231933,2014-09-23
Kendrick Lamar,Two Presidents,Two Presidents,https://i.scdn.co/image/ab67616d0000b2736f7907fd1f9b2112a76ae361,33,230038,2013-12-03
Kendrick Lamar,Swimming Pools (Drank),Swimming Pools (Drank),https://i.scdn.co/image/ab67616d0000b273b5ef185d28724c5573c2ac9c,81,247800,2012-01-01
Kendrick Lamar,My People (feat. Jay Rock),My People (feat. Jay Rock),https://i.scdn.co/image/ab67616d0000b27334dd436b030aa6b1683a9c00,38,241086,2011-08-16
Kendrick Lamar,She Needs Me [Remix] (Ringtone),She Needs Me [Remix] (Ringtone),https://i.scdn.co/image/ab67616d0000b273e4dd65177daeb484d578ecba,4,27003,2010-11-22
